imageId,articleTypeName,categoryName,articleTypeId,categoryId
56509,Lipstick,Lips,29,15
7865,Tshirts,Topwear,0,0
6891,Jackets,Topwear,35,0
7811,Tshirts,Topwear,0,0
22559,Deodorant,Fragrance,27,8
15399,Casual Shoes,Shoes,2,1
25920,Tshirts,Topwear,0,0
28092,Innerwear Vests,Innerwear,37,5
16762,Handbags,Bags,7,2
22490,Flip Flops,Flip Flops,11,11
13202,Sports Shoes,Shoes,4,1
38671,Sports Shoes,Shoes,4,1
33215,Tops,Topwear,6,0
46720,Perfume and Body Mist,Fragrance,18,8
22578,Shirts,Topwear,1,0
14627,Tops,Topwear,6,0
18383,Innerwear Vests,Innerwear,37,5
20011,Tops,Topwear,6,0
19860,Jackets,Topwear,35,0
54119,Heels,Shoes,8,1
57508,Sandals,Sandal,12,9
47596,Heels,Shoes,8,1
18355,Socks,Socks,16,13
57562,Lipstick,Lips,29,15
10429,Tops,Topwear,6,0
9047,Sports Shoes,Shoes,4,1
9002,Casual Shoes,Shoes,2,1
3454,Sports Shoes,Shoes,4,1
26376,Shirts,Topwear,1,0
25290,Handbags,Bags,7,2
17937,Tshirts,Topwear,0,0
23690,Wallets,Wallets,10,10
3685,Tshirts,Topwear,0,0
54305,Bra,Innerwear,23,5
30611,Jackets,Topwear,35,0
24189,Casual Shoes,Shoes,2,1
44726,Flip Flops,Flip Flops,11,11
39805,Trousers,Bottomwear,21,4
22813,Tshirts,Topwear,0,0
46824,Heels,Shoes,8,1
50211,Sunglasses,Eyewear,9,7
1798,Tshirts,Topwear,0,0
38316,Handbags,Bags,7,2
22400,Shirts,Topwear,1,0
19084,Kurtas,Topwear,5,0
11529,Sweaters,Topwear,34,0
15850,Sandals,Sandal,12,9
3198,Tshirts,Topwear,0,0
39801,Shirts,Topwear,1,0
17026,Flip Flops,Flip Flops,11,11
25194,Handbags,Bags,7,2
50713,Tshirts,Topwear,0,0
6432,Casual Shoes,Shoes,2,1
6200,Tshirts,Topwear,0,0
21134,Sweaters,Topwear,34,0
40926,Jeans,Bottomwear,19,4
47247,Casual Shoes,Shoes,2,1
11967,Casual Shoes,Shoes,2,1
2609,Flats,Shoes,22,1
14729,Tshirts,Topwear,0,0
8166,Shirts,Topwear,1,0
22132,Formal Shoes,Shoes,17,1
7452,Tshirts,Topwear,0,0
45323,Heels,Shoes,8,1
47138,Handbags,Bags,7,2
38407,Belts,Belts,14,12
12446,Wallets,Wallets,10,10
15062,Sandals,Sandal,12,9
3353,Tshirts,Topwear,0,0
32918,Tshirts,Topwear,0,0
22952,Sports Shoes,Shoes,4,1
9202,Casual Shoes,Shoes,2,1
31120,Tops,Topwear,6,0
59946,Perfume and Body Mist,Fragrance,18,8
23222,Kurtas,Topwear,5,0
24565,Shirts,Topwear,1,0
55897,Nail Polish,Nails,28,18
40187,Kurtis,Topwear,38,0
13429,Tshirts,Topwear,0,0
33612,Wallets,Wallets,10,10
16954,Sunglasses,Eyewear,9,7
37737,Shirts,Topwear,1,0
4439,Casual Shoes,Shoes,2,1
30771,Kurtas,Topwear,5,0
18260,Kurtas,Topwear,5,0
24050,Tshirts,Topwear,0,0
5957,Shirts,Topwear,1,0
23572,Perfume and Body Mist,Fragrance,18,8
22726,Sports Shoes,Shoes,4,1
15612,Track Pants,Bottomwear,30,4
5671,Tshirts,Topwear,0,0
10835,Tshirts,Topwear,0,0
5364,Sports Shoes,Shoes,4,1
4828,Track Pants,Bottomwear,30,4
50617,Briefs,Innerwear,13,5
6199,Tops,Topwear,6,0
44028,Perfume and Body Mist,Fragrance,18,8
11409,Tshirts,Topwear,0,0
11378,Shirts,Topwear,1,0
29064,Backpacks,Bags,15,2
2275,Tshirts,Topwear,0,0
17907,Sweatshirts,Topwear,32,0
35554,Sandals,Sandal,12,9
50480,Briefs,Innerwear,13,5
9810,Shirts,Topwear,1,0
18561,Casual Shoes,Shoes,2,1
51553,Watches,Watches,3,3
30528,Bra,Innerwear,23,5
34864,Handbags,Bags,7,2
45962,Tops,Topwear,6,0
40559,Watches,Watches,3,3
38607,Tshirts,Topwear,0,0
28902,Briefs,Innerwear,13,5
14857,Wallets,Wallets,10,10
14477,Heels,Shoes,8,1
8966,Sports Shoes,Shoes,4,1
58471,Wallets,Wallets,10,10
45914,Watches,Watches,3,3
7469,Tshirts,Topwear,0,0
17531,Caps,Headwear,33,19
10447,Tshirts,Topwear,0,0
24558,Kurtas,Topwear,5,0
33436,Handbags,Bags,7,2
32293,Watches,Watches,3,3
42928,Wallets,Wallets,10,10
17242,Tshirts,Topwear,0,0
36802,Watches,Watches,3,3
22149,Sandals,Sandal,12,9
21552,Handbags,Bags,7,2
42590,Tshirts,Topwear,0,0
55150,Nail Polish,Nails,28,18
59042,Heels,Shoes,8,1
35676,Casual Shoes,Shoes,2,1
46514,Watches,Watches,3,3
58171,Handbags,Bags,7,2
38374,Belts,Belts,14,12
39016,Watches,Watches,3,3
24120,Flip Flops,Flip Flops,11,11
6095,Tshirts,Topwear,0,0
37478,Watches,Watches,3,3
58718,Kurtas,Topwear,5,0
40971,Casual Shoes,Shoes,2,1
34424,Tshirts,Topwear,0,0
38004,Watches,Watches,3,3
23825,Flip Flops,Flip Flops,11,11
5600,Sports Shoes,Shoes,4,1
1800,Backpacks,Bags,15,2
6868,Dresses,Dress,24,14
21423,Tops,Topwear,6,0
49460,Casual Shoes,Shoes,2,1
42132,Casual Shoes,Shoes,2,1
39957,Flip Flops,Flip Flops,11,11
13112,Shorts,Bottomwear,20,4
29922,Watches,Watches,3,3
20864,Sandals,Sandal,12,9
20408,Belts,Belts,14,12
39273,Casual Shoes,Shoes,2,1
26873,Tops,Topwear,6,0
38212,Sunglasses,Eyewear,9,7
16147,Tops,Topwear,6,0
17290,Sweaters,Topwear,34,0
13350,Jeans,Bottomwear,19,4
5444,Tops,Topwear,6,0
8783,Shirts,Topwear,1,0
20576,Belts,Belts,14,12
13127,Casual Shoes,Shoes,2,1
55905,Nail Polish,Nails,28,18
10360,Dresses,Dress,24,14
4740,Casual Shoes,Shoes,2,1
29130,Sunglasses,Eyewear,9,7
18292,Kurtas,Topwear,5,0
5053,Sports Shoes,Shoes,4,1
14530,Tshirts,Topwear,0,0
49586,Heels,Shoes,8,1
13826,Sweaters,Topwear,34,0
39149,Kurtas,Topwear,5,0
17741,Sports Shoes,Shoes,4,1
19270,Watches,Watches,3,3
27287,Kurtas,Topwear,5,0
41962,Jeans,Bottomwear,19,4
23790,Sunglasses,Eyewear,9,7
58808,Shirts,Topwear,1,0
11038,Tops,Topwear,6,0
42821,Briefs,Innerwear,13,5
58538,Sunglasses,Eyewear,9,7
27431,Tshirts,Topwear,0,0
20672,Tshirts,Topwear,0,0
20093,Kurtas,Topwear,5,0
23063,Tshirts,Topwear,0,0
27737,Handbags,Bags,7,2
46452,Watches,Watches,3,3
11008,Tshirts,Topwear,0,0
29574,Casual Shoes,Shoes,2,1
27782,Wallets,Wallets,10,10
38752,Handbags,Bags,7,2
45913,Watches,Watches,3,3
53477,Bra,Innerwear,23,5
45125,Watches,Watches,3,3
46932,Perfume and Body Mist,Fragrance,18,8
28858,Tshirts,Topwear,0,0
40545,Watches,Watches,3,3
2846,Tshirts,Topwear,0,0
50627,Briefs,Innerwear,13,5
18560,Heels,Shoes,8,1
54392,Handbags,Bags,7,2
26912,Tops,Topwear,6,0
8330,Tshirts,Topwear,0,0
48673,Earrings,Jewellery,26,6
36766,Watches,Watches,3,3
49629,Tops,Topwear,6,0
58690,Kurtas,Topwear,5,0
28804,Jeans,Bottomwear,19,4
27202,Shirts,Topwear,1,0
57402,Briefs,Innerwear,13,5
32143,Briefs,Innerwear,13,5
17055,Casual Shoes,Shoes,2,1
17999,Track Pants,Bottomwear,30,4
31210,Sports Shoes,Shoes,4,1
59970,Dresses,Dress,24,14
3943,Tshirts,Topwear,0,0
50047,Bra,Innerwear,23,5
30793,Shirts,Topwear,1,0
32212,Kurtas,Topwear,5,0
18620,Tshirts,Topwear,0,0
50342,Kurtis,Topwear,38,0
53946,Handbags,Bags,7,2
42098,Tshirts,Topwear,0,0
57311,Bra,Innerwear,23,5
31094,Shirts,Topwear,1,0
28958,Kurtas,Topwear,5,0
34357,Tshirts,Topwear,0,0
50318,Ties,Ties,36,20
48203,Sunglasses,Eyewear,9,7
56968,Heels,Shoes,8,1
52988,Sarees,Saree,25,16
15359,Formal Shoes,Shoes,17,1
16524,Shirts,Topwear,1,0
43071,Caps,Headwear,33,19
23806,Sports Shoes,Shoes,4,1
9960,Tshirts,Topwear,0,0
16518,Jeans,Bottomwear,19,4
3529,Tshirts,Topwear,0,0
43202,Watches,Watches,3,3
58497,Tops,Topwear,6,0
9550,Tshirts,Topwear,0,0
50505,Briefs,Innerwear,13,5
56035,Lipstick,Lips,29,15
11222,Watches,Watches,3,3
4454,Casual Shoes,Shoes,2,1
20306,Sweaters,Topwear,34,0
52564,Clutches,Bags,31,2
52919,Sarees,Saree,25,16
13288,Trousers,Bottomwear,21,4
35075,Belts,Belts,14,12
55058,Lipstick,Lips,29,15
14379,Heels,Shoes,8,1
34511,Flip Flops,Flip Flops,11,11
49493,Casual Shoes,Shoes,2,1
14734,Shirts,Topwear,1,0
54535,Sports Shoes,Shoes,4,1
23523,Perfume and Body Mist,Fragrance,18,8
30313,Tshirts,Topwear,0,0
11606,Kurtas,Topwear,5,0
16058,Trousers,Bottomwear,21,4
8731,Shirts,Topwear,1,0
13911,Sports Shoes,Shoes,4,1
38221,Sunglasses,Eyewear,9,7
8612,Tshirts,Topwear,0,0
19596,Tshirts,Topwear,0,0
44803,Tops,Topwear,6,0
58614,Earrings,Jewellery,26,6
45134,Watches,Watches,3,3
7595,Sports Shoes,Shoes,4,1
38378,Belts,Belts,14,12
32275,Kurtas,Topwear,5,0
30071,Watches,Watches,3,3
47889,Handbags,Bags,7,2
18271,Kurtas,Topwear,5,0
31606,Backpacks,Bags,15,2
51564,Watches,Watches,3,3
57423,Tshirts,Topwear,0,0
44713,Flip Flops,Flip Flops,11,11
32653,Tshirts,Topwear,0,0
43814,Earrings,Jewellery,26,6
45075,Bra,Innerwear,23,5
6362,Casual Shoes,Shoes,2,1
48638,Earrings,Jewellery,26,6
44717,Flip Flops,Flip Flops,11,11
50440,Briefs,Innerwear,13,5
41900,Perfume and Body Mist,Fragrance,18,8
3938,Tshirts,Topwear,0,0
44987,Watches,Watches,3,3
12189,Shirts,Topwear,1,0
24168,Kurtis,Topwear,38,0
42647,Kurtas,Topwear,5,0
15936,Belts,Belts,14,12
13062,Watches,Watches,3,3
20152,Shirts,Topwear,1,0
32303,Watches,Watches,3,3
17237,Tshirts,Topwear,0,0
48378,Jeans,Bottomwear,19,4
30587,Tshirts,Topwear,0,0
54736,Casual Shoes,Shoes,2,1
31781,Shirts,Topwear,1,0
24428,Sports Shoes,Shoes,4,1
40789,Casual Shoes,Shoes,2,1
21848,Tshirts,Topwear,0,0
36991,Handbags,Bags,7,2
55959,Lipstick,Lips,29,15
15829,Kurtas,Topwear,5,0
40223,Belts,Belts,14,12
50427,Handbags,Bags,7,2
30355,Tshirts,Topwear,0,0
24538,Kurtas,Topwear,5,0
35315,Earrings,Jewellery,26,6
58951,Deodorant,Fragrance,27,8
25146,Handbags,Bags,7,2
3993,Tshirts,Belts,0,12
16507,Jeans,Bottomwear,19,4
30545,Socks,Socks,16,13
15300,Sports Shoes,Shoes,4,1
12752,Jeans,Bottomwear,19,4
7253,Sandals,Sandal,12,9
54307,Briefs,Innerwear,13,5
44701,Tops,Topwear,6,0
22344,Tshirts,Topwear,0,0
22722,Casual Shoes,Shoes,2,1
4526,Sports Shoes,Shoes,4,1
21493,Handbags,Bags,7,2
56973,Heels,Shoes,8,1
45005,Watches,Watches,3,3
58049,Earrings,Jewellery,26,6
47551,Heels,Shoes,8,1
6528,Tshirts,Topwear,0,0
19536,Sweaters,Topwear,34,0
54399,Wallets,Wallets,10,10
20384,Tshirts,Topwear,0,0
4470,Sports Shoes,Shoes,4,1
42925,Wallets,Wallets,10,10
54925,Shorts,Bottomwear,20,4
3220,Sports Shoes,Shoes,4,1
43161,Watches,Watches,3,3
44991,Watches,Watches,3,3
56810,Kurtis,Topwear,38,0
37594,Tshirts,Topwear,0,0
18402,Casual Shoes,Shoes,2,1
39534,Bra,Innerwear,23,5
7463,Tshirts,Topwear,0,0
4729,Tshirts,Topwear,0,0
30334,Tshirts,Topwear,0,0
59214,Watches,Watches,3,3
58150,Caps,Headwear,33,19
9168,Jeans,Bottomwear,19,4
8319,Tshirts,Topwear,0,0
27563,Shirts,Topwear,1,0
14834,Belts,Belts,14,12
18014,Belts,Belts,14,12
32828,Heels,Shoes,8,1
13483,Flats,Shoes,22,1
18006,Track Pants,Bottomwear,30,4
30952,Tops,Topwear,6,0
26260,Track Pants,Bottomwear,30,4
51570,Watches,Watches,3,3
6888,Tops,Topwear,6,0
16495,Tshirts,Topwear,0,0
43548,Sandals,Sandal,12,9
11761,Tops,Topwear,6,0
41163,Trousers,Bottomwear,21,4
51513,Watches,Watches,3,3
19571,Tshirts,Topwear,0,0
25370,Innerwear Vests,Innerwear,37,5
35541,Sandals,Sandal,12,9
24076,Flats,Shoes,22,1
46612,Heels,Shoes,8,1
26466,Tshirts,Topwear,0,0
35568,Formal Shoes,Shoes,17,1
13388,Casual Shoes,Shoes,2,1
32323,Watches,Watches,3,3
12215,Trousers,Bottomwear,21,4
14806,Handbags,Bags,7,2
50784,Heels,Shoes,8,1
56327,Watches,Watches,3,3
13879,Shirts,Topwear,1,0
3722,Tshirts,Topwear,0,0
11525,Tops,Topwear,6,0
55926,Nail Polish,Nails,28,18
23612,Perfume and Body Mist,Fragrance,18,8
32319,Watches,Watches,3,3
6470,Casual Shoes,Shoes,2,1
3765,Tshirts,Topwear,0,0
11164,Shirts,Topwear,1,0
57275,Shirts,Topwear,1,0
18012,Belts,Belts,14,12
20224,Sweaters,Topwear,34,0
15324,Sweatshirts,Topwear,32,0
52055,Tshirts,Topwear,0,0
46501,Watches,Watches,3,3
19409,Tshirts,Topwear,0,0
47304,Clutches,Bags,31,2
5559,Jackets,Topwear,35,0
4815,Shorts,Bottomwear,20,4
29250,Sports Shoes,Shoes,4,1
27717,Handbags,Bags,7,2
44008,Perfume and Body Mist,Fragrance,18,8
43820,Earrings,Jewellery,26,6
11443,Tops,Topwear,6,0
57896,Shorts,Bottomwear,20,4
49068,Handbags,Bags,7,2
32253,Kurtis,Topwear,38,0
36087,Caps,Headwear,33,19
4673,Backpacks,Bags,15,2
14093,Tshirts,Topwear,0,0
14392,Track Pants,Bottomwear,30,4
57243,Handbags,Bags,7,2
46486,Watches,Watches,3,3
24627,Casual Shoes,Shoes,2,1
49582,Heels,Shoes,8,1
38779,Casual Shoes,Shoes,2,1
58889,Ties,Ties,36,20
13949,Handbags,Bags,7,2
33471,Belts,Belts,14,12
22510,Sandals,Sandal,12,9
5973,Shirts,Topwear,1,0
54937,Tshirts,Topwear,0,0
41970,Tshirts,Topwear,0,0
26258,Track Pants,Bottomwear,30,4
45766,Deodorant,Fragrance,27,8
26747,Deodorant,Fragrance,27,8
17599,Sunglasses,Eyewear,9,7
46384,Tshirts,Topwear,0,0
28573,Tshirts,Topwear,0,0
55985,Lipstick,Lips,29,15
16056,Trousers,Bottomwear,21,4
35660,Casual Shoes,Shoes,2,1
4530,Sports Shoes,Shoes,4,1
45775,Tops,Topwear,6,0
14104,Tshirts,Topwear,0,0
10397,Watches,Watches,3,3
2133,Shirts,Topwear,1,0
28175,Sunglasses,Eyewear,9,7
6457,Flip Flops,Flip Flops,11,11
50544,Briefs,Innerwear,13,5
32444,Shorts,Bottomwear,20,4
10475,Shirts,Topwear,1,0
37435,Handbags,Bags,7,2
16648,Tshirts,Topwear,0,0
57147,Tops,Topwear,6,0
7213,Tshirts,Topwear,0,0
22121,Formal Shoes,Shoes,17,1
3344,Tshirts,Topwear,0,0
4523,Sports Shoes,Shoes,4,1
34063,Dresses,Dress,24,14
17036,Casual Shoes,Shoes,2,1
8551,Tshirts,Topwear,0,0
5186,Tshirts,Topwear,0,0
8552,Tshirts,Topwear,0,0
57643,Nail Polish,Nails,28,18
42019,Casual Shoes,Shoes,2,1
50823,Wallets,Wallets,10,10
33086,Heels,Shoes,8,1
7150,Tops,Topwear,6,0
51406,Shirts,Topwear,1,0
56378,Perfume and Body Mist,Fragrance,18,8
16640,Tshirts,Topwear,0,0
4491,Sports Shoes,Shoes,4,1
16892,Sunglasses,Eyewear,9,7
22245,Casual Shoes,Shoes,2,1
42873,Handbags,Bags,7,2
1925,Backpacks,Bags,15,2
19435,Caps,Headwear,33,19
4269,Sports Shoes,Shoes,4,1
25112,Belts,Belts,14,12
46987,Handbags,Bags,7,2
39320,Shorts,Bottomwear,20,4
6055,Tshirts,Topwear,0,0
6140,Sports Shoes,Shoes,4,1
28192,Sunglasses,Eyewear,9,7
59533,Earrings,Jewellery,26,6
11651,Watches,Watches,3,3
59020,Heels,Shoes,8,1
38365,Wallets,Wallets,10,10
13405,Shirts,Topwear,1,0
11553,Kurtas,Topwear,5,0
40012,Sunglasses,Eyewear,9,7
10286,Formal Shoes,Shoes,17,1
59117,Jackets,Topwear,35,0
13050,Shirts,Topwear,1,0
44939,Formal Shoes,Shoes,17,1
45285,Watches,Watches,3,3
21454,Tshirts,Topwear,0,0
25420,Casual Shoes,Shoes,2,1
50533,Briefs,Innerwear,13,5
24697,Shirts,Topwear,1,0
38475,Wallets,Wallets,10,10
38949,Tops,Topwear,6,0
48609,Earrings,Jewellery,26,6
11490,Watches,Watches,3,3
26403,Shirts,Topwear,1,0
51805,Bra,Innerwear,23,5
36463,Sports Shoes,Shoes,4,1
33557,Tshirts,Topwear,0,0
35310,Earrings,Jewellery,26,6
1533,Tshirts,Topwear,0,0
45232,Watches,Watches,3,3
16540,Shirts,Topwear,1,0
33287,Tshirts,Topwear,0,0
24361,Kurtas,Topwear,5,0
40551,Watches,Watches,3,3
20680,Casual Shoes,Shoes,2,1
58240,Wallets,Wallets,10,10
3544,Tshirts,Topwear,0,0
14840,Wallets,Wallets,10,10
45139,Watches,Watches,3,3
18439,Backpacks,Bags,15,2
25300,Wallets,Wallets,10,10
28635,Sports Shoes,Shoes,4,1
11331,Jeans,Bottomwear,19,4
32041,Socks,Socks,16,13
9560,Tshirts,Topwear,0,0
9884,Tshirts,Topwear,0,0
44837,Tshirts,Topwear,0,0
43657,Shorts,Bottomwear,20,4
43382,Flip Flops,Flip Flops,11,11
21956,Handbags,Bags,7,2
58093,Earrings,Jewellery,26,6
33154,Tshirts,Topwear,0,0
19886,Caps,Headwear,33,19
23929,Sports Shoes,Shoes,4,1
45265,Watches,Watches,3,3
32746,Sports Shoes,Shoes,4,1
23777,Sunglasses,Eyewear,9,7
25308,Watches,Watches,3,3
11289,Jeans,Bottomwear,19,4
47734,Handbags,Bags,7,2
22794,Tshirts,Topwear,0,0
33747,Tops,Topwear,6,0
6359,Casual Shoes,Shoes,2,1
8443,Tshirts,Topwear,0,0
13286,Shirts,Topwear,1,0
37787,Shirts,Topwear,1,0
3427,Tshirts,Topwear,0,0
17700,Casual Shoes,Shoes,2,1
3881,Tshirts,Topwear,0,0
5459,Sports Shoes,Shoes,4,1
3596,Casual Shoes,Shoes,2,1
17761,Formal Shoes,Shoes,17,1
31951,Sports Shoes,Shoes,4,1
8746,Flip Flops,Flip Flops,11,11
51013,Bra,Innerwear,23,5
6264,Tshirts,Topwear,0,0
46301,Perfume and Body Mist,Fragrance,18,8
53531,Briefs,Innerwear,13,5
45307,Belts,Belts,14,12
7349,Tshirts,Topwear,0,0
18046,Wallets,Wallets,10,10
35229,Formal Shoes,Shoes,17,1
9195,Jeans,Bottomwear,19,4
21406,Tshirts,Topwear,0,0
13178,Sports Shoes,Shoes,4,1
7562,Tshirts,Topwear,0,0
57050,Dresses,Dress,24,14
51514,Watches,Watches,3,3
25443,Casual Shoes,Shoes,2,1
7980,Tshirts,Topwear,0,0
33692,Formal Shoes,Shoes,17,1
45908,Watches,Watches,3,3
55624,Formal Shoes,Shoes,17,1
10296,Casual Shoes,Shoes,2,1
49496,Casual Shoes,Shoes,2,1
40093,Tshirts,Topwear,0,0
20667,Tshirts,Topwear,0,0
52593,Clutches,Bags,31,2
23497,Casual Shoes,Shoes,2,1
59975,Dresses,Dress,24,14
5420,Tshirts,Topwear,0,0
10758,Casual Shoes,Shoes,2,1
3626,Flip Flops,Flip Flops,11,11
42589,Tshirts,Topwear,0,0
46405,Tshirts,Topwear,0,0
39154,Kurtas,Topwear,5,0
39260,Casual Shoes,Shoes,2,1
10039,Sports Shoes,Shoes,4,1
37622,Tshirts,Topwear,0,0
21693,Watches,Watches,3,3
38141,Backpacks,Bags,15,2
6503,Formal Shoes,Shoes,17,1
19046,Heels,Shoes,8,1
6303,Tshirts,Topwear,0,0
24749,Sports Shoes,Shoes,4,1
24561,Shirts,Topwear,1,0
10642,Tshirts,Topwear,0,0
43025,Briefs,Innerwear,13,5
5923,Casual Shoes,Shoes,2,1
38148,Backpacks,Bags,15,2
25639,Watches,Watches,3,3
23793,Casual Shoes,Shoes,2,1
6445,Casual Shoes,Shoes,2,1
43252,Kurtas,Topwear,5,0
42539,Kurtas,Topwear,5,0
9383,Casual Shoes,Shoes,2,1
9375,Socks,Socks,16,13
28821,Jeans,Bottomwear,19,4
15009,Jackets,Topwear,35,0
17286,Tshirts,Topwear,0,0
51165,Socks,Socks,16,13
23221,Kurtas,Topwear,5,0
26490,Tshirts,Topwear,0,0
17617,Tops,Topwear,6,0
35041,Kurtas,Topwear,5,0
6016,Shirts,Topwear,1,0
12765,Jeans,Bottomwear,19,4
12982,Flip Flops,Flip Flops,11,11
36113,Wallets,Wallets,10,10
56652,Formal Shoes,Shoes,17,1
12271,Shirts,Topwear,1,0
8112,Watches,Watches,3,3
5360,Sports Shoes,Shoes,4,1
57029,Tops,Topwear,6,0
43334,Handbags,Bags,7,2
39490,Backpacks,Bags,15,2
3210,Tshirts,Topwear,0,0
53296,Jeans,Bottomwear,19,4
3241,Sports Shoes,Shoes,4,1
39199,Heels,Shoes,8,1
11997,Tshirts,Topwear,0,0
25196,Handbags,Bags,7,2
33104,Heels,Shoes,8,1
7323,Casual Shoes,Shoes,2,1
3251,Sports Shoes,Shoes,4,1
24347,Tshirts,Topwear,0,0
57131,Tops,Topwear,6,0
5542,Sports Shoes,Shoes,4,1
24818,Tshirts,Topwear,0,0
2095,Shirts,Topwear,1,0
7708,Jeans,Bottomwear,19,4
40653,Kurtas,Topwear,5,0
44759,Sports Shoes,Shoes,4,1
17794,Socks,Socks,16,13
29949,Watches,Watches,3,3
39460,Kurtas,Topwear,5,0
4619,Tops,Topwear,6,0
6195,Tshirts,Topwear,0,0
3052,Tshirts,Topwear,0,0
53442,Flip Flops,Flip Flops,11,11
24467,Casual Shoes,Shoes,2,1
11793,Kurtas,Topwear,5,0
33726,Belts,Belts,14,12
51449,Tops,Topwear,6,0
11083,Shirts,Topwear,1,0
8861,Shirts,Topwear,1,0
59257,Watches,Watches,3,3
40611,Kurtas,Topwear,5,0
6873,Dresses,Dress,24,14
9058,Sports Shoes,Shoes,4,1
39722,Tops,Topwear,6,0
11482,Shirts,Topwear,1,0
15409,Sandals,Sandal,12,9
14775,Shirts,Topwear,1,0
44151,Deodorant,Fragrance,27,8
57970,Sarees,Saree,25,16
36912,Wallets,Wallets,10,10
50756,Sandals,Sandal,12,9
45884,Watches,Watches,3,3
50029,Innerwear Vests,Innerwear,37,5
48504,Tops,Topwear,6,0
35511,Flip Flops,Flip Flops,11,11
44400,Sports Shoes,Shoes,4,1
58463,Belts,Belts,14,12
50241,Handbags,Bags,7,2
5995,Shirts,Topwear,1,0
10995,Tshirts,Topwear,0,0
7207,Tops,Topwear,6,0
55783,Casual Shoes,Shoes,2,1
2109,Track Pants,Bottomwear,30,4
12041,Shirts,Topwear,1,0
17795,Flip Flops,Flip Flops,11,11
9594,Shirts,Topwear,1,0
11226,Watches,Watches,3,3
27035,Flats,Shoes,22,1
37882,Socks,Socks,16,13
46076,Flats,Shoes,22,1
59133,Jackets,Topwear,35,0
30860,Kurtas,Topwear,5,0
10018,Shorts,Bottomwear,20,4
35420,Sports Shoes,Shoes,4,1
33308,Jeans,Bottomwear,19,4
23133,Tshirts,Topwear,0,0
34872,Handbags,Bags,7,2
16851,Sunglasses,Eyewear,9,7
35646,Sandals,Sandal,12,9
46996,Kurtas,Topwear,5,0
19133,Sandals,Sandal,12,9
3532,Tshirts,Topwear,0,0
27727,Handbags,Bags,7,2
26588,Sports Shoes,Shoes,4,1
13389,Shirts,Topwear,1,0
15833,Kurtas,Topwear,5,0
12311,Shirts,Topwear,1,0
11596,Kurtas,Topwear,5,0
5107,Shirts,Topwear,1,0
7578,Sports Shoes,Shoes,4,1
19030,Flats,Shoes,22,1
35109,Wallets,Wallets,10,10
45098,Briefs,Innerwear,13,5
27628,Shorts,Bottomwear,20,4
50578,Briefs,Innerwear,13,5
57116,Tops,Topwear,6,0
36749,Dresses,Dress,24,14
27609,Trousers,Bottomwear,21,4
19489,Briefs,Innerwear,13,5
27285,Kurtas,Topwear,5,0
53006,Sarees,Saree,25,16
28131,Briefs,Innerwear,13,5
59178,Casual Shoes,Shoes,2,1
26600,Sports Shoes,Shoes,4,1
15886,Casual Shoes,Shoes,2,1
43151,Watches,Watches,3,3
40612,Kurtas,Topwear,5,0
48698,Earrings,Jewellery,26,6
25622,Watches,Watches,3,3
22620,Tshirts,Topwear,0,0
44456,Heels,Shoes,8,1
14796,Handbags,Bags,7,2
54065,Casual Shoes,Shoes,2,1
36307,Flip Flops,Flip Flops,11,11
41350,Jeans,Bottomwear,19,4
5111,Shirts,Topwear,1,0
1916,Sports Shoes,Shoes,4,1
44158,Perfume and Body Mist,Fragrance,18,8
5285,Tshirts,Topwear,0,0
18262,Kurtas,Topwear,5,0
20567,Handbags,Bags,7,2
4983,Dresses,Dress,24,14
16838,Sunglasses,Eyewear,9,7
3187,Sports Shoes,Shoes,4,1
12801,Tshirts,Topwear,0,0
15848,Sandals,Sandal,12,9
59532,Earrings,Jewellery,26,6
29074,Backpacks,Bags,15,2
10147,Formal Shoes,Shoes,17,1
42214,Tops,Topwear,6,0
30041,Watches,Watches,3,3
3610,Casual Shoes,Shoes,2,1
7642,Tshirts,Topwear,0,0
37197,Jeans,Bottomwear,19,4
12913,Shirts,Topwear,1,0
37720,Tshirts,Topwear,0,0
43938,Heels,Shoes,8,1
21344,Sunglasses,Eyewear,9,7
46382,Tshirts,Topwear,0,0
6156,Tshirts,Topwear,0,0
38142,Backpacks,Bags,15,2
58136,Earrings,Jewellery,26,6
16189,Sandals,Sandal,12,9
16960,Sunglasses,Eyewear,9,7
22101,Casual Shoes,Shoes,2,1
43053,Tshirts,Topwear,0,0
4191,Tshirts,Topwear,0,0
51454,Tops,Topwear,6,0
24194,Jeans,Bottomwear,19,4
59919,Kurtas,Topwear,5,0
21386,Tshirts,Topwear,0,0
3048,Tshirts,Topwear,0,0
42966,Wallets,Wallets,10,10
6667,Sports Shoes,Shoes,4,1
11916,Sandals,Sandal,12,9
8977,Casual Shoes,Shoes,2,1
58944,Perfume and Body Mist,Fragrance,18,8
46951,Perfume and Body Mist,Fragrance,18,8
36670,Handbags,Bags,7,2
2170,Shirts,Topwear,1,0
4900,Tops,Topwear,6,0
36225,Casual Shoes,Shoes,2,1
12264,Shirts,Topwear,1,0
16176,Formal Shoes,Shoes,17,1
34746,Casual Shoes,Shoes,2,1
16199,Tshirts,Topwear,0,0
32042,Socks,Socks,16,13
15787,Briefs,Innerwear,13,5
4213,Tshirts,Topwear,0,0
31574,Tshirts,Topwear,0,0
4343,Casual Shoes,Shoes,2,1
38301,Wallets,Wallets,10,10
42685,Kurtas,Topwear,5,0
20935,Backpacks,Bags,15,2
13856,Shirts,Topwear,1,0
26945,Tshirts,Topwear,0,0
45635,Briefs,Innerwear,13,5
12121,Kurtas,Topwear,5,0
16001,Sweaters,Topwear,34,0
3972,Tops,Topwear,6,0
9812,Shirts,Topwear,1,0
47148,Handbags,Bags,7,2
26450,Sports Shoes,Shoes,4,1
47857,Handbags,Bags,7,2
52151,Tshirts,Topwear,0,0
5589,Sports Shoes,Shoes,4,1
9230,Shirts,Topwear,1,0
33548,Shirts,Topwear,1,0
27455,Bra,Innerwear,23,5
33283,Jeans,Bottomwear,19,4
31105,Tshirts,Topwear,0,0
11295,Jeans,Bottomwear,19,4
56818,Shirts,Topwear,1,0
38440,Wallets,Wallets,10,10
13229,Trousers,Bottomwear,21,4
34235,Tshirts,Topwear,0,0
35219,Casual Shoes,Shoes,2,1
54527,Casual Shoes,Shoes,2,1
9442,Handbags,Bags,7,2
59628,Sarees,Saree,25,16
46545,Watches,Watches,3,3
4475,Sports Shoes,Shoes,4,1
58646,Kurtas,Topwear,5,0
18594,Wallets,Wallets,10,10
8659,Sunglasses,Eyewear,9,7
12788,Kurtis,Topwear,38,0
54655,Watches,Watches,3,3
32565,Tops,Topwear,6,0
32562,Trousers,Bottomwear,21,4
25013,Handbags,Bags,7,2
40769,Caps,Headwear,33,19
57547,Lipstick,Lips,29,15
15838,Kurtas,Topwear,5,0
37963,Heels,Shoes,8,1
51701,Sunglasses,Eyewear,9,7
24527,Shirts,Topwear,1,0
18959,Sweaters,Topwear,34,0
20353,Jeans,Bottomwear,19,4
12618,Tshirts,Topwear,0,0
55375,Nail Polish,Nails,28,18
16218,Tshirts,Topwear,0,0
14633,Tops,Topwear,6,0
33820,Sports Shoes,Shoes,4,1
15472,Tshirts,Topwear,0,0
25879,Backpacks,Bags,15,2
49080,Lipstick,Lips,29,15
28401,Sunglasses,Eyewear,9,7
5038,Sports Shoes,Shoes,4,1
53044,Sarees,Saree,25,16
17941,Tshirts,Topwear,0,0
57530,Casual Shoes,Shoes,2,1
50855,Sarees,Saree,25,16
45752,Kurtas,Topwear,5,0
14072,Tshirts,Topwear,0,0
55869,Nail Polish,Nails,28,18
40955,Tshirts,Topwear,0,0
33714,Casual Shoes,Shoes,2,1
18310,Tshirts,Topwear,0,0
12274,Shirts,Topwear,1,0
11849,Flip Flops,Flip Flops,11,11
54638,Watches,Watches,3,3
1644,Tshirts,Topwear,0,0
24739,Handbags,Bags,7,2
28857,Tshirts,Topwear,0,0
34569,Tops,Topwear,6,0
3893,Tshirts,Topwear,0,0
18323,Shirts,Topwear,1,0
11130,Tops,Topwear,6,0
19567,Tshirts,Topwear,0,0
55902,Nail Polish,Nails,28,18
57175,Tops,Topwear,6,0
35172,Backpacks,Bags,15,2
4980,Shorts,Bottomwear,20,4
25085,Wallets,Wallets,10,10
3303,Sports Shoes,Shoes,4,1
15685,Trousers,Bottomwear,21,4
27480,Bra,Innerwear,23,5
32925,Tshirts,Topwear,0,0
58691,Kurtas,Topwear,5,0
43950,Flats,Shoes,22,1
10067,Tshirts,Topwear,0,0
4830,Track Pants,Bottomwear,30,4
17118,Clutches,Bags,31,2
18212,Caps,Headwear,33,19
45150,Watches,Watches,3,3
45664,Innerwear Vests,Innerwear,37,5
51549,Watches,Watches,3,3
22714,Casual Shoes,Shoes,2,1
12786,Kurtas,Topwear,5,0
12010,Shirts,Topwear,1,0
12959,Sports Shoes,Shoes,4,1
11449,Tops,Topwear,6,0
41679,Heels,Shoes,8,1
25673,Watches,Watches,3,3
51206,Bra,Innerwear,23,5
58683,Kurtas,Topwear,5,0
43313,Sweaters,Topwear,34,0
18304,Kurtas,Topwear,5,0
53100,Earrings,Jewellery,26,6
14638,Shirts,Topwear,1,0
42917,Wallets,Wallets,10,10
2014,Tshirts,Topwear,0,0
17496,Tshirts,Topwear,0,0
17864,Briefs,Innerwear,13,5
5210,Tshirts,Topwear,0,0
18408,Flip Flops,Flip Flops,11,11
55380,Nail Polish,Nails,28,18
38402,Belts,Belts,14,12
14677,Shirts,Topwear,1,0
16465,Shirts,Topwear,1,0
6653,Casual Shoes,Shoes,2,1
43759,Earrings,Jewellery,26,6
26598,Sports Shoes,Shoes,4,1
4108,Sandals,Sandal,12,9
7960,Tshirts,Topwear,0,0
50303,Ties,Ties,36,20
12193,Shirts,Topwear,1,0
18199,Sweaters,Topwear,34,0
38442,Clutches,Bags,31,2
22747,Kurtas,Topwear,5,0
12933,Tshirts,Topwear,0,0
12890,Casual Shoes,Shoes,2,1
38627,Tshirts,Topwear,0,0
4361,Tshirts,Topwear,0,0
39054,Wallets,Wallets,10,10
58307,Socks,Socks,16,13
11664,Tshirts,Topwear,0,0
10824,Tshirts,Topwear,0,0
17124,Handbags,Bags,7,2
19056,Kurtas,Topwear,5,0
49520,Handbags,Bags,7,2
24177,Flip Flops,Flip Flops,11,11
40304,Sandals,Sandal,12,9
21500,Handbags,Bags,7,2
45581,Sandals,Sandal,12,9
57015,Briefs,Innerwear,13,5
7206,Tops,Topwear,6,0
36318,Tshirts,Topwear,0,0
51620,Watches,Watches,3,3
38997,Dresses,Dress,24,14
49708,Ties,Ties,36,20
29751,Watches,Watches,3,3
58798,Shirts,Topwear,1,0
11962,Sandals,Sandal,12,9
7891,Tshirts,Topwear,0,0
19162,Tshirts,Topwear,0,0
25691,Tops,Topwear,6,0
15917,Backpacks,Bags,15,2
30301,Tshirts,Topwear,0,0
27728,Handbags,Bags,7,2
11072,Shirts,Topwear,1,0
54607,Briefs,Innerwear,13,5
13753,Shirts,Topwear,1,0
20885,Sports Shoes,Shoes,4,1
21271,Backpacks,Bags,15,2
12960,Sports Shoes,Shoes,4,1
21787,Belts,Belts,14,12
31283,Tshirts,Topwear,0,0
31361,Tshirts,Topwear,0,0
59992,Dresses,Dress,24,14
24132,Tshirts,Topwear,0,0
44802,Tshirts,Topwear,0,0
18447,Perfume and Body Mist,Fragrance,18,8
7097,Backpacks,Bags,15,2
43653,Dresses,Dress,24,14
32029,Socks,Socks,16,13
9627,Shirts,Topwear,1,0
12082,Kurtas,Topwear,5,0
8786,Shirts,Topwear,1,0
8165,Shirts,Topwear,1,0
8643,Sunglasses,Eyewear,9,7
43531,Tops,Topwear,6,0
20333,Tshirts,Topwear,0,0
26172,Flats,Shoes,22,1
7688,Shorts,Bottomwear,20,4
1936,Backpacks,Bags,15,2
28344,Sunglasses,Eyewear,9,7
57283,Shirts,Topwear,1,0
38441,Handbags,Bags,7,2
4337,Sports Shoes,Shoes,4,1
25637,Watches,Watches,3,3
3916,Tshirts,Topwear,0,0
18739,Tops,Topwear,6,0
4580,Sports Shoes,Shoes,4,1
32445,Shorts,Bottomwear,20,4
13972,Casual Shoes,Shoes,2,1
29156,Tshirts,Topwear,0,0
36226,Sports Shoes,Shoes,4,1
53588,Watches,Watches,3,3
56011,Lipstick,Lips,29,15
46423,Watches,Watches,3,3
17684,Casual Shoes,Shoes,2,1
25477,Sports Shoes,Shoes,4,1
58447,Watches,Watches,3,3
45076,Bra,Innerwear,23,5
15328,Sweaters,Topwear,34,0
27644,Tshirts,Topwear,0,0
57044,Dresses,Dress,24,14
30765,Kurtas,Topwear,5,0
32612,Belts,Belts,14,12
56423,Bra,Innerwear,23,5
20346,Sweaters,Topwear,34,0
20685,Casual Shoes,Shoes,2,1
33551,Shirts,Topwear,1,0
27209,Shirts,Topwear,1,0
25281,Handbags,Bags,7,2
49707,Ties,Ties,36,20
43577,Tops,Topwear,6,0
15825,Innerwear Vests,Innerwear,37,5
29318,Backpacks,Bags,15,2
48442,Tshirts,Topwear,0,0
11242,Jeans,Bottomwear,19,4
54016,Handbags,Bags,7,2
59243,Watches,Watches,3,3
58492,Dresses,Dress,24,14
44860,Tshirts,Topwear,0,0
18843,Tshirts,Topwear,0,0
15558,Shirts,Topwear,1,0
18216,Socks,Socks,16,13
31980,Sandals,Sandal,12,9
33256,Tshirts,Topwear,0,0
40095,Shorts,Bottomwear,20,4
29961,Sunglasses,Eyewear,9,7
45561,Tops,Topwear,6,0
21199,Belts,Belts,14,12
5726,Sports Shoes,Shoes,4,1
45403,Flats,Shoes,22,1
19001,Tshirts,Topwear,0,0
44815,Jeans,Bottomwear,19,4
38086,Shirts,Topwear,1,0
22852,Casual Shoes,Shoes,2,1
21117,Shirts,Topwear,1,0
34852,Casual Shoes,Shoes,2,1
39568,Heels,Shoes,8,1
10751,Track Pants,Bottomwear,30,4
31286,Tshirts,Topwear,0,0
57856,Heels,Shoes,8,1
3500,Casual Shoes,Shoes,2,1
57336,Bra,Innerwear,23,5
9675,Tshirts,Topwear,0,0
26285,Tshirts,Topwear,0,0
2847,Tshirts,Topwear,0,0
3859,Tshirts,Topwear,0,0
46002,Sarees,Saree,25,16
3845,Tshirts,Topwear,0,0
30706,Clutches,Bags,31,2
42244,Tops,Topwear,6,0
20583,Wallets,Wallets,10,10
41696,Shorts,Bottomwear,20,4
48218,Sunglasses,Eyewear,9,7
51160,Socks,Socks,16,13
37285,Tshirts,Topwear,0,0
24518,Kurtas,Topwear,5,0
41233,Sports Shoes,Shoes,4,1
23160,Tshirts,Topwear,0,0
29029,Caps,Headwear,33,19
29611,Shirts,Topwear,1,0
4958,Tshirts,Topwear,0,0
39644,Casual Shoes,Shoes,2,1
27468,Briefs,Innerwear,13,5
13338,Tshirts,Topwear,0,0
28560,Tshirts,Topwear,0,0
2008,Tshirts,Topwear,0,0
54511,Handbags,Bags,7,2
13018,Heels,Shoes,8,1
42991,Sports Shoes,Shoes,4,1
27653,Tshirts,Topwear,0,0
49996,Briefs,Innerwear,13,5
45653,Briefs,Innerwear,13,5
39500,Sports Shoes,Shoes,4,1
51542,Watches,Watches,3,3
17223,Sunglasses,Eyewear,9,7
43689,Tshirts,Topwear,0,0
58157,Handbags,Bags,7,2
56873,Heels,Shoes,8,1
11229,Watches,Watches,3,3
39861,Tshirts,Topwear,0,0
51890,Wallets,Wallets,10,10
51350,Casual Shoes,Shoes,2,1
17792,Socks,Socks,16,13
10329,Watches,Watches,3,3
15567,Heels,Shoes,8,1
44777,Casual Shoes,Shoes,2,1
44669,Shirts,Topwear,1,0
13079,Casual Shoes,Shoes,2,1
8259,Handbags,Bags,7,2
39470,Kurtis,Topwear,38,0
53062,Handbags,Bags,7,2
12000,Shirts,Topwear,1,0
48406,Tshirts,Topwear,0,0
8617,Sunglasses,Eyewear,9,7
5376,Sports Shoes,Shoes,4,1
41050,Watches,Watches,3,3
10415,Tops,Topwear,6,0
6061,Tshirts,Topwear,0,0
36780,Watches,Watches,3,3
15029,Sweatshirts,Topwear,32,0
6312,Tops,Topwear,6,0
21285,Sunglasses,Eyewear,9,7
49108,Nail Polish,Nails,28,18
57103,Tops,Topwear,6,0
38041,Watches,Watches,3,3
31987,Socks,Socks,16,13
15261,Casual Shoes,Shoes,2,1
28380,Sunglasses,Eyewear,9,7
8235,Handbags,Bags,7,2
13306,Trousers,Bottomwear,21,4
30172,Watches,Watches,3,3
19526,Sweaters,Topwear,34,0
19801,Tshirts,Topwear,0,0
35916,Handbags,Bags,7,2
6231,Tshirts,Topwear,0,0
23168,Tshirts,Topwear,0,0
27552,Shirts,Topwear,1,0
12882,Sports Shoes,Shoes,4,1
11379,Tops,Topwear,6,0
2984,Tshirts,Topwear,0,0
53282,Tshirts,Topwear,0,0
14651,Tshirts,Topwear,0,0
57036,Dresses,Dress,24,14
40091,Tshirts,Topwear,0,0
4267,Sports Shoes,Shoes,4,1
45789,Flats,Shoes,22,1
29142,Sunglasses,Eyewear,9,7
1949,Tshirts,Topwear,0,0
4571,Sports Shoes,Shoes,4,1
46111,Flip Flops,Flip Flops,11,11
34067,Shirts,Topwear,1,0
15108,Tops,Topwear,6,0
58058,Earrings,Jewellery,26,6
30757,Kurtas,Topwear,5,0
50437,Briefs,Innerwear,13,5
46691,Perfume and Body Mist,Fragrance,18,8
15615,Tshirts,Topwear,0,0
13352,Casual Shoes,Shoes,2,1
58178,Handbags,Bags,7,2
17704,Casual Shoes,Shoes,2,1
43147,Backpacks,Bags,15,2
24554,Tshirts,Topwear,0,0
54063,Deodorant,Fragrance,27,8
51552,Watches,Watches,3,3
42700,Flats,Shoes,22,1
29420,Watches,Watches,3,3
6230,Tshirts,Topwear,0,0
13534,Sports Shoes,Shoes,4,1
28641,Tshirts,Topwear,0,0
59929,Kurtas,Topwear,5,0
56881,Heels,Shoes,8,1
47180,Casual Shoes,Shoes,2,1
6377,Casual Shoes,Shoes,2,1
32769,Tshirts,Topwear,0,0
19885,Caps,Headwear,33,19
45985,Sarees,Saree,25,16
14905,Belts,Belts,14,12
34079,Casual Shoes,Shoes,2,1
23141,Sweatshirts,Topwear,32,0
42125,Casual Shoes,Shoes,2,1
39530,Bra,Innerwear,23,5
9254,Shirts,Topwear,1,0
43842,Earrings,Jewellery,26,6
25627,Watches,Watches,3,3
31442,Tshirts,Topwear,0,0
16635,Tshirts,Topwear,0,0
25217,Handbags,Bags,7,2
44132,Perfume and Body Mist,Fragrance,18,8
39626,Sports Shoes,Shoes,4,1
24407,Kurtas,Topwear,5,0
39663,Casual Shoes,Shoes,2,1
51879,Wallets,Wallets,10,10
13469,Tshirts,Topwear,0,0
10295,Casual Shoes,Shoes,2,1
21810,Wallets,Wallets,10,10
10634,Formal Shoes,Shoes,17,1
11648,Watches,Watches,3,3
55923,Nail Polish,Nails,28,18
44906,Shorts,Bottomwear,20,4
14972,Belts,Belts,14,12
44045,Perfume and Body Mist,Fragrance,18,8
40390,Tops,Topwear,6,0
3572,Tshirts,Topwear,0,0
28590,Belts,Belts,14,12
32001,Socks,Socks,16,13
39170,Kurtas,Topwear,5,0
10167,Casual Shoes,Shoes,2,1
40482,Casual Shoes,Shoes,2,1
15470,Tshirts,Topwear,0,0
40524,Watches,Watches,3,3
57429,Tshirts,Topwear,0,0
42410,Briefs,Innerwear,13,5
37408,Handbags,Bags,7,2
36724,Tshirts,Topwear,0,0
22789,Tshirts,Topwear,0,0
3923,Track Pants,Bottomwear,30,4
18842,Tshirts,Topwear,0,0
51402,Shirts,Topwear,1,0
59911,Kurtas,Topwear,5,0
33635,Handbags,Bags,7,2
21727,Sports Shoes,Shoes,4,1
23510,Watches,Watches,3,3
43765,Earrings,Jewellery,26,6
25874,Backpacks,Bags,15,2
38844,Dresses,Dress,24,14
23969,Tshirts,Topwear,0,0
14934,Shorts,Bottomwear,20,4
47916,Handbags,Bags,7,2
2024,Tshirts,Topwear,0,0
11094,Sweaters,Topwear,34,0
32328,Watches,Watches,3,3
28718,Kurtas,Topwear,5,0
9827,Tshirts,Topwear,0,0
22394,Track Pants,Bottomwear,30,4
49962,Tshirts,Topwear,0,0
11414,Shirts,Topwear,1,0
52691,Watches,Watches,3,3
35683,Casual Shoes,Shoes,2,1
16891,Sunglasses,Eyewear,9,7
56920,Heels,Shoes,8,1
19282,Watches,Watches,3,3
17706,Casual Shoes,Shoes,2,1
53666,Handbags,Bags,7,2
22196,Casual Shoes,Shoes,2,1
57149,Tops,Topwear,6,0
20886,Sports Shoes,Shoes,4,1
43883,Flats,Shoes,22,1
38464,Handbags,Bags,7,2
19121,Flip Flops,Flip Flops,11,11
12422,Casual Shoes,Shoes,2,1
13094,Sweaters,Topwear,34,0
4102,Sports Shoes,Shoes,4,1
6999,Tshirts,Topwear,0,0
9699,Formal Shoes,Shoes,17,1
15683,Trousers,Bottomwear,21,4
59451,Shirts,Topwear,1,0
5888,Tshirts,Topwear,0,0
38598,Tshirts,Topwear,0,0
21248,Backpacks,Bags,15,2
8669,Sunglasses,Eyewear,9,7
54725,Kurtas,Topwear,5,0
43125,Perfume and Body Mist,Fragrance,18,8
35720,Sandals,Sandal,12,9
44927,Tshirts,Topwear,0,0
36438,Sports Shoes,Shoes,4,1
4970,Tshirts,Topwear,0,0
28030,Briefs,Innerwear,13,5
11678,Shirts,Topwear,1,0
7941,Tshirts,Topwear,0,0
39258,Formal Shoes,Shoes,17,1
22009,Handbags,Bags,7,2
49664,Sunglasses,Eyewear,9,7
28774,Kurtis,Topwear,38,0
12598,Tshirts,Topwear,0,0
34874,Handbags,Bags,7,2
15211,Tshirts,Topwear,0,0
7298,Tshirts,Topwear,0,0
34425,Tshirts,Topwear,0,0
5920,Casual Shoes,Shoes,2,1
7078,Backpacks,Bags,15,2
24229,Kurtas,Topwear,5,0
36462,Sports Shoes,Shoes,4,1
6901,Tshirts,Topwear,0,0
59067,Bra,Innerwear,23,5
2557,Tshirts,Topwear,0,0
37639,Wallets,Wallets,10,10
42657,Kurtas,Topwear,5,0
28845,Tshirts,Topwear,0,0
39734,Shirts,Topwear,1,0
57489,Casual Shoes,Shoes,2,1
9213,Casual Shoes,Shoes,2,1
27848,Tshirts,Topwear,0,0
9691,Tshirts,Topwear,0,0
26274,Tshirts,Topwear,0,0
55022,Lipstick,Lips,29,15
3992,Tshirts,Topwear,0,0
21181,Flip Flops,Flip Flops,11,11
18758,Dresses,Dress,24,14
26227,Tshirts,Topwear,0,0
10733,Handbags,Bags,7,2
58720,Tshirts,Topwear,0,0
5567,Sports Shoes,Shoes,4,1
6468,Casual Shoes,Shoes,2,1
46619,Heels,Shoes,8,1
59674,Sarees,Saree,25,16
40177,Sunglasses,Eyewear,9,7
55966,Lipstick,Lips,29,15
59888,Tops,Topwear,6,0
7497,Shorts,Bottomwear,20,4
26043,Shirts,Topwear,1,0
18706,Briefs,Innerwear,13,5
46453,Watches,Watches,3,3
7249,Casual Shoes,Shoes,2,1
41695,Shorts,Bottomwear,20,4
2653,Handbags,Bags,7,2
12622,Tshirts,Topwear,0,0
2140,Tshirts,Topwear,0,0
16084,Sunglasses,Eyewear,9,7
59660,Sarees,Saree,25,16
22639,Tshirts,Topwear,0,0
21528,Handbags,Bags,7,2
47012,Kurtas,Topwear,5,0
32609,Wallets,Wallets,10,10
18919,Shirts,Topwear,1,0
32560,Jeans,Bottomwear,19,4
46401,Sweatshirts,Topwear,32,0
31247,Tshirts,Topwear,0,0
1895,Sweatshirts,Topwear,32,0
12434,Socks,Socks,16,13
16857,Sunglasses,Eyewear,9,7
12856,Casual Shoes,Shoes,2,1
15027,Sweatshirts,Topwear,32,0
4889,Tops,Topwear,6,0
13726,Casual Shoes,Shoes,2,1
53991,Handbags,Bags,7,2
28907,Kurtas,Topwear,5,0
9402,Sports Shoes,Shoes,4,1
34430,Tshirts,Topwear,0,0
27852,Tops,Topwear,6,0
31126,Dresses,Dress,24,14
27021,Jeans,Bottomwear,19,4
27263,Tops,Topwear,6,0
6257,Tshirts,Topwear,0,0
14005,Tshirts,Topwear,0,0
56281,Bra,Innerwear,23,5
19964,Sweaters,Topwear,34,0
21926,Kurtas,Topwear,5,0
2964,Casual Shoes,Shoes,2,1
3474,Backpacks,Bags,15,2
26046,Shirts,Topwear,1,0
28689,Kurtas,Topwear,5,0
4025,Casual Shoes,Shoes,2,1
43262,Kurtas,Topwear,5,0
37070,Handbags,Bags,7,2
22043,Kurtas,Topwear,5,0
37637,Tshirts,Topwear,0,0
18353,Socks,Socks,16,13
28865,Tshirts,Topwear,0,0
24487,Watches,Watches,3,3
12859,Formal Shoes,Shoes,17,1
30588,Tshirts,Topwear,0,0
40010,Sunglasses,Eyewear,9,7
11948,Casual Shoes,Shoes,2,1
17783,Ties,Ties,36,20
4032,Tshirts,Topwear,0,0
17579,Trousers,Bottomwear,21,4
28241,Deodorant,Fragrance,27,8
20929,Handbags,Bags,7,2
18768,Ties,Ties,36,20
4790,Tshirts,Topwear,0,0
26870,Tshirts,Topwear,0,0
38639,Tshirts,Topwear,0,0
50623,Briefs,Innerwear,13,5
45212,Watches,Watches,3,3
17573,Shirts,Topwear,1,0
30497,Bra,Innerwear,23,5
28583,Watches,Watches,3,3
59301,Shirts,Topwear,1,0
8860,Shirts,Topwear,1,0
12965,Sandals,Sandal,12,9
48114,Belts,Belts,14,12
6243,Tshirts,Topwear,0,0
35892,Tshirts,Topwear,0,0
10635,Casual Shoes,Shoes,2,1
7675,Socks,Socks,16,13
59994,Dresses,Dress,24,14
46644,Deodorant,Fragrance,27,8
31603,Tshirts,Topwear,0,0
10465,Tshirts,Topwear,0,0
10500,Dresses,Dress,24,14
48223,Sunglasses,Eyewear,9,7
31958,Sports Shoes,Shoes,4,1
40785,Flip Flops,Flip Flops,11,11
39645,Casual Shoes,Shoes,2,1
18051,Wallets,Wallets,10,10
39710,Watches,Watches,3,3
34376,Tshirts,Topwear,0,0
43099,Deodorant,Fragrance,27,8
16072,Trousers,Bottomwear,21,4
33901,Watches,Watches,3,3
38539,Casual Shoes,Shoes,2,1
6938,Tshirts,Topwear,0,0
1888,Tshirts,Topwear,0,0
37598,Tshirts,Topwear,0,0
54505,Handbags,Bags,7,2
6982,Track Pants,Bottomwear,30,4
32870,Backpacks,Bags,15,2
16284,Tshirts,Topwear,0,0
24398,Kurtas,Topwear,5,0
20606,Belts,Belts,14,12
3880,Tshirts,Topwear,0,0
17479,Bra,Innerwear,23,5
13839,Watches,Watches,3,3
14122,Jeans,Bottomwear,19,4
9239,Shirts,Topwear,1,0
16115,Sandals,Sandal,12,9
59634,Sarees,Saree,25,16
57121,Tops,Topwear,6,0
27806,Belts,Belts,14,12
58904,Ties,Ties,36,20
36097,Wallets,Wallets,10,10
8067,Wallets,Wallets,10,10
9110,Sports Shoes,Shoes,4,1
37229,Belts,Belts,14,12
35409,Formal Shoes,Shoes,17,1
14359,Heels,Shoes,8,1
17461,Watches,Watches,3,3
30412,Jeans,Bottomwear,19,4
52098,Tops,Topwear,6,0
54137,Heels,Shoes,8,1
15323,Jackets,Topwear,35,0
18218,Socks,Socks,16,13
14320,Shorts,Bottomwear,20,4
5377,Sports Shoes,Shoes,4,1
47005,Kurtas,Topwear,5,0
59272,Watches,Watches,3,3
10806,Shirts,Topwear,1,0
53127,Flats,Shoes,22,1
27452,Bra,Innerwear,23,5
32937,Casual Shoes,Shoes,2,1
4067,Sandals,Sandal,12,9
52673,Watches,Watches,3,3
46752,Perfume and Body Mist,Fragrance,18,8
28326,Sandals,Sandal,12,9
45892,Watches,Watches,3,3
57326,Bra,Innerwear,23,5
55195,Nail Polish,Nails,28,18
22799,Tshirts,Topwear,0,0
27965,Innerwear Vests,Innerwear,37,5
15910,Shirts,Topwear,1,0
46440,Watches,Watches,3,3
52693,Watches,Watches,3,3
36473,Kurtas,Topwear,5,0
48724,Earrings,Jewellery,26,6
29831,Shirts,Topwear,1,0
23275,Watches,Watches,3,3
4192,Tshirts,Topwear,0,0
9016,Belts,Belts,14,12
7954,Tshirts,Topwear,0,0
4023,Casual Shoes,Shoes,2,1
15876,Flip Flops,Flip Flops,11,11
8598,Tshirts,Topwear,0,0
30785,Kurtas,Topwear,5,0
52759,Handbags,Bags,7,2
34315,Tshirts,Topwear,0,0
16490,Tshirts,Topwear,0,0
4935,Tops,Topwear,6,0
13267,Tops,Topwear,6,0
56975,Flats,Shoes,22,1
42171,Tshirts,Topwear,0,0
43209,Watches,Watches,3,3
25736,Wallets,Wallets,10,10
44680,Tops,Topwear,6,0
6553,Backpacks,Bags,15,2
7420,Kurtas,Topwear,5,0
19363,Sandals,Sandal,12,9
11879,Formal Shoes,Shoes,17,1
19727,Shirts,Topwear,1,0
36502,Kurtas,Topwear,5,0
49911,Watches,Watches,3,3
27587,Tshirts,Topwear,0,0
16993,Belts,Belts,14,12
55628,Casual Shoes,Shoes,2,1
28381,Sunglasses,Eyewear,9,7
9892,Trousers,Bottomwear,21,4
11350,Jeans,Bottomwear,19,4
50900,Sarees,Saree,25,16
49868,Watches,Watches,3,3
42913,Belts,Belts,14,12
58003,Dresses,Dress,24,14
20416,Belts,Belts,14,12
13927,Casual Shoes,Shoes,2,1
20227,Sweaters,Topwear,34,0
11485,Watches,Watches,3,3
28882,Briefs,Innerwear,13,5
31995,Socks,Socks,16,13
57933,Tshirts,Topwear,0,0
10016,Dresses,Dress,24,14
29547,Tshirts,Topwear,0,0
21001,Belts,Belts,14,12
12675,Trousers,Bottomwear,21,4
32848,Flats,Shoes,22,1
42077,Wallets,Wallets,10,10
39248,Casual Shoes,Shoes,2,1
14315,Tshirts,Topwear,0,0
1611,Jackets,Topwear,35,0
22725,Sports Shoes,Shoes,4,1
19828,Shirts,Topwear,1,0
13506,Tshirts,Topwear,0,0
56863,Heels,Shoes,8,1
21300,Sunglasses,Eyewear,9,7
44868,Tshirts,Topwear,0,0
26096,Shirts,Topwear,1,0
13195,Casual Shoes,Shoes,2,1
42102,Tshirts,Topwear,0,0
40176,Sunglasses,Eyewear,9,7
11488,Watches,Watches,3,3
27990,Briefs,Innerwear,13,5
14797,Handbags,Bags,7,2
21324,Sunglasses,Eyewear,9,7
15235,Casual Shoes,Shoes,2,1
7895,Shorts,Bottomwear,20,4
3691,Sports Shoes,Shoes,4,1
51051,Bra,Innerwear,23,5
38753,Handbags,Bags,7,2
55211,Lipstick,Lips,29,15
3227,Sports Shoes,Shoes,4,1
38189,Sunglasses,Eyewear,9,7
25102,Belts,Belts,14,12
10211,Handbags,Bags,7,2
11656,Tshirts,Topwear,0,0
27862,Shirts,Topwear,1,0
54649,Watches,Watches,3,3
41446,Casual Shoes,Shoes,2,1
20681,Casual Shoes,Shoes,2,1
6778,Tshirts,Topwear,0,0
6226,Tshirts,Topwear,0,0
12481,Formal Shoes,Shoes,17,1
58725,Tshirts,Topwear,0,0
40630,Kurtas,Topwear,5,0
39945,Casual Shoes,Shoes,2,1
17694,Casual Shoes,Shoes,2,1
45048,Watches,Watches,3,3
10581,Watches,Watches,3,3
24620,Wallets,Wallets,10,10
7664,Socks,Socks,16,13
23921,Casual Shoes,Shoes,2,1
50187,Handbags,Bags,7,2
8716,Tshirts,Topwear,0,0
3810,Tshirts,Topwear,0,0
40638,Kurtas,Topwear,5,0
13357,Casual Shoes,Shoes,2,1
37766,Shirts,Topwear,1,0
5219,Backpacks,Bags,15,2
49470,Casual Shoes,Shoes,2,1
4679,Backpacks,Bags,15,2
20921,Shorts,Bottomwear,20,4
24327,Backpacks,Bags,15,2
12309,Shirts,Topwear,1,0
5763,Tops,Topwear,6,0
21381,Track Pants,Bottomwear,30,4
24510,Kurtas,Topwear,5,0
22800,Shirts,Topwear,1,0
27901,Trousers,Bottomwear,21,4
34885,Handbags,Bags,7,2
47350,Handbags,Bags,7,2
58569,Tshirts,Topwear,0,0
15975,Shirts,Topwear,1,0
40602,Kurtas,Topwear,5,0
22336,Tshirts,Topwear,0,0
25678,Watches,Watches,3,3
49548,Clutches,Bags,31,2
50472,Briefs,Innerwear,13,5
28562,Tshirts,Topwear,0,0
24109,Flip Flops,Flip Flops,11,11
19029,Heels,Shoes,8,1
7632,Belts,Belts,14,12
12396,Socks,Socks,16,13
26637,Casual Shoes,Shoes,2,1
59250,Watches,Watches,3,3
24758,Tshirts,Topwear,0,0
8734,Shirts,Topwear,1,0
12012,Shirts,Topwear,1,0
21132,Tops,Topwear,6,0
47651,Dresses,Dress,24,14
15968,Shirts,Topwear,1,0
7250,Formal Shoes,Shoes,17,1
56666,Casual Shoes,Shoes,2,1
27445,Tshirts,Topwear,0,0
9695,Tshirts,Topwear,0,0
58740,Tshirts,Topwear,0,0
18945,Socks,Socks,16,13
38465,Handbags,Bags,7,2
19439,Caps,Headwear,33,19
38285,Tops,Topwear,6,0
24023,Tshirts,Topwear,0,0
9854,Trousers,Bottomwear,21,4
23843,Sports Shoes,Shoes,4,1
11104,Shirts,Topwear,1,0
5179,Tshirts,Topwear,0,0
9829,Tshirts,Topwear,0,0
6014,Shirts,Topwear,1,0
5293,Tshirts,Topwear,0,0
5908,Casual Shoes,Shoes,2,1
58489,Dresses,Dress,24,14
55861,Nail Polish,Nails,28,18
34388,Tshirts,Topwear,0,0
55166,Nail Polish,Nails,28,18
2341,Tshirts,Topwear,0,0
58338,Flip Flops,Flip Flops,11,11
55999,Lipstick,Lips,29,15
54614,Briefs,Innerwear,13,5
29228,Sports Shoes,Shoes,4,1
58162,Wallets,Wallets,10,10
40183,Kurtis,Topwear,38,0
21690,Watches,Watches,3,3
11901,Formal Shoes,Shoes,17,1
19802,Tshirts,Topwear,0,0
8325,Tshirts,Topwear,0,0
28360,Sunglasses,Eyewear,9,7
6724,Tshirts,Topwear,0,0
40437,Kurtas,Topwear,5,0
18021,Belts,Belts,14,12
20454,Belts,Belts,14,12
13415,Shirts,Topwear,1,0
44907,Tshirts,Topwear,0,0
38630,Tshirts,Topwear,0,0
52993,Sarees,Saree,25,16
7543,Tshirts,Topwear,0,0
21548,Handbags,Bags,7,2
6035,Tshirts,Topwear,0,0
35181,Backpacks,Bags,15,2
48007,Watches,Watches,3,3
24388,Kurtas,Topwear,5,0
8654,Sunglasses,Eyewear,9,7
24543,Tops,Topwear,6,0
5110,Tops,Topwear,6,0
12509,Casual Shoes,Shoes,2,1
2850,Tshirts,Topwear,0,0
33137,Heels,Shoes,8,1
18606,Belts,Belts,14,12
32320,Watches,Watches,3,3
16173,Formal Shoes,Shoes,17,1
1624,Backpacks,Bags,15,2
6414,Flip Flops,Flip Flops,11,11
59217,Watches,Watches,3,3
56664,Casual Shoes,Shoes,2,1
48214,Sunglasses,Eyewear,9,7
4846,Tshirts,Topwear,0,0
21754,Belts,Belts,14,12
56847,Jeans,Bottomwear,19,4
37593,Tshirts,Topwear,0,0
51498,Jeans,Bottomwear,19,4
3534,Tshirts,Topwear,0,0
11563,Kurtas,Topwear,5,0
10012,Track Pants,Bottomwear,30,4
45802,Heels,Shoes,8,1
13734,Shirts,Topwear,1,0
13471,Tops,Topwear,6,0
15636,Tshirts,Topwear,0,0
53416,Kurtas,Topwear,5,0
16278,Sweatshirts,Topwear,32,0
23170,Tshirts,Topwear,0,0
35879,Tshirts,Topwear,0,0
26434,Handbags,Bags,7,2
12619,Tshirts,Topwear,0,0
15682,Trousers,Bottomwear,21,4
50225,Belts,Belts,14,12
10343,Tshirts,Topwear,0,0
53545,Briefs,Innerwear,13,5
46927,Perfume and Body Mist,Fragrance,18,8
48447,Tshirts,Topwear,0,0
6142,Sandals,Sandal,12,9
46788,Perfume and Body Mist,Fragrance,18,8
4332,Sports Shoes,Shoes,4,1
20666,Tshirts,Topwear,0,0
33391,Wallets,Wallets,10,10
37896,Socks,Socks,16,13
18547,Flats,Shoes,22,1
13151,Tshirts,Topwear,0,0
4051,Tshirts,Topwear,0,0
12428,Casual Shoes,Shoes,2,1
10858,Tshirts,Topwear,0,0
7690,Tshirts,Topwear,0,0
9121,Sports Shoes,Shoes,4,1
51641,Watches,Watches,3,3
29119,Socks,Socks,16,13
31340,Jeans,Bottomwear,19,4
48164,Wallets,Wallets,10,10
16283,Tshirts,Topwear,0,0
11994,Tshirts,Topwear,0,0
25280,Handbags,Bags,7,2
48557,Belts,Belts,14,12
52118,Tops,Topwear,6,0
6438,Flip Flops,Flip Flops,11,11
4444,Casual Shoes,Shoes,2,1
25299,Handbags,Bags,7,2
15085,Kurtas,Topwear,5,0
58642,Socks,Socks,16,13
20893,Casual Shoes,Shoes,2,1
17321,Sunglasses,Eyewear,9,7
17256,Tshirts,Topwear,0,0
7705,Tops,Topwear,6,0
11978,Sandals,Sandal,12,9
5705,Casual Shoes,Shoes,2,1
40325,Sports Shoes,Shoes,4,1
15739,Sports Shoes,Shoes,4,1
23613,Perfume and Body Mist,Fragrance,18,8
11896,Formal Shoes,Shoes,17,1
6029,Tops,Topwear,6,0
35161,Sandals,Sandal,12,9
33399,Handbags,Bags,7,2
33855,Casual Shoes,Shoes,2,1
27928,Trousers,Bottomwear,21,4
27206,Shorts,Bottomwear,20,4
29576,Casual Shoes,Shoes,2,1
7394,Formal Shoes,Shoes,17,1
31418,Innerwear Vests,Innerwear,37,5
18875,Formal Shoes,Shoes,17,1
23037,Shirts,Topwear,1,0
41401,Tops,Topwear,6,0
50535,Briefs,Innerwear,13,5
43676,Dresses,Dress,24,14
2757,Tshirts,Topwear,0,0
42522,Kurtas,Topwear,5,0
33304,Tshirts,Topwear,0,0
8118,Belts,Belts,14,12
10727,Handbags,Bags,7,2
56489,Nail Polish,Nails,28,18
58041,Earrings,Jewellery,26,6
31680,Tshirts,Topwear,0,0
1597,Handbags,Bags,7,2
5720,Tshirts,Topwear,0,0
34759,Handbags,Bags,7,2
42807,Briefs,Innerwear,13,5
3767,Tshirts,Topwear,0,0
15019,Sweatshirts,Topwear,32,0
22195,Casual Shoes,Shoes,2,1
55874,Nail Polish,Nails,28,18
10284,Flats,Shoes,22,1
19920,Backpacks,Bags,15,2
55994,Lipstick,Lips,29,15
15772,Briefs,Innerwear,13,5
49085,Nail Polish,Nails,28,18
28480,Tshirts,Topwear,0,0
2041,Tshirts,Topwear,0,0
43955,Shirts,Topwear,1,0
57638,Nail Polish,Nails,28,18
9035,Casual Shoes,Shoes,2,1
30938,Kurtis,Topwear,38,0
18476,Casual Shoes,Shoes,2,1
19226,Ties,Ties,36,20
40094,Tshirts,Topwear,0,0
6710,Casual Shoes,Shoes,2,1
57967,Sarees,Saree,25,16
13258,Shorts,Bottomwear,20,4
57031,Tops,Topwear,6,0
7107,Backpacks,Bags,15,2
13234,Tshirts,Topwear,0,0
4622,Tshirts,Topwear,0,0
6477,Jackets,Topwear,35,0
48397,Jeans,Bottomwear,19,4
33336,Formal Shoes,Shoes,17,1
8397,Shorts,Bottomwear,20,4
13284,Shorts,Bottomwear,20,4
14869,Wallets,Wallets,10,10
25344,Briefs,Innerwear,13,5
8696,Sunglasses,Eyewear,9,7
40194,Kurtis,Topwear,38,0
54526,Sports Shoes,Shoes,4,1
12908,Shirts,Topwear,1,0
58657,Kurtas,Topwear,5,0
59972,Dresses,Dress,24,14
27290,Kurtas,Topwear,5,0
28534,Tshirts,Topwear,0,0
23544,Deodorant,Fragrance,27,8
36507,Handbags,Bags,7,2
43246,Jeans,Bottomwear,19,4
17254,Tshirts,Topwear,0,0
42028,Sports Shoes,Shoes,4,1
59664,Sarees,Saree,25,16
45921,Watches,Watches,3,3
9211,Casual Shoes,Shoes,2,1
53766,Tshirts,Topwear,0,0
37967,Heels,Shoes,8,1
20340,Tshirts,Topwear,0,0
23890,Sandals,Sandal,12,9
56928,Heels,Shoes,8,1
29890,Sunglasses,Eyewear,9,7
58536,Sunglasses,Eyewear,9,7
29963,Sunglasses,Eyewear,9,7
58143,Backpacks,Bags,15,2
11923,Formal Shoes,Shoes,17,1
3851,Tshirts,Topwear,0,0
27107,Kurtas,Topwear,5,0
51321,Backpacks,Bags,15,2
7076,Backpacks,Bags,15,2
22042,Kurtas,Topwear,5,0
11009,Tshirts,Topwear,0,0
2383,Casual Shoes,Shoes,2,1
36086,Caps,Headwear,33,19
49866,Watches,Watches,3,3
33878,Watches,Watches,3,3
13908,Casual Shoes,Shoes,2,1
34412,Tshirts,Topwear,0,0
5778,Tops,Topwear,6,0
44545,Sandals,Sandal,12,9
2762,Tshirts,Topwear,0,0
41131,Tops,Topwear,6,0
16498,Tshirts,Topwear,0,0
12638,Tshirts,Topwear,0,0
36687,Sandals,Sandal,12,9
13054,Watches,Watches,3,3
8951,Trousers,Bottomwear,21,4
38143,Handbags,Bags,7,2
15241,Casual Shoes,Shoes,2,1
54657,Watches,Watches,3,3
8930,Wallets,Wallets,10,10
9240,Shirts,Topwear,1,0
28709,Kurtas,Topwear,5,0
16018,Trousers,Bottomwear,21,4
26004,Perfume and Body Mist,Fragrance,18,8
22914,Sports Shoes,Shoes,4,1
24112,Flip Flops,Flip Flops,11,11
56356,Perfume and Body Mist,Fragrance,18,8
3695,Casual Shoes,Shoes,2,1
34021,Tshirts,Topwear,0,0
8856,Shirts,Topwear,1,0
6247,Tshirts,Topwear,0,0
45617,Formal Shoes,Shoes,17,1
54979,Shirts,Topwear,1,0
22365,Sweatshirts,Topwear,32,0
33405,Wallets,Wallets,10,10
11753,Tops,Topwear,6,0
3665,Sports Shoes,Shoes,4,1
26602,Sports Shoes,Shoes,4,1
31217,Casual Shoes,Shoes,2,1
41349,Jeans,Bottomwear,19,4
42562,Tops,Topwear,6,0
27016,Jeans,Bottomwear,19,4
50755,Sandals,Sandal,12,9
18286,Kurtas,Topwear,5,0
3952,Tops,Topwear,6,0
21472,Casual Shoes,Shoes,2,1
48712,Earrings,Jewellery,26,6
51941,Handbags,Bags,7,2
17437,Watches,Watches,3,3
50554,Innerwear Vests,Innerwear,37,5
48259,Tshirts,Topwear,0,0
13881,Shirts,Topwear,1,0
42947,Belts,Belts,14,12
4565,Sports Shoes,Shoes,4,1
15547,Socks,Socks,16,13
57069,Jackets,Topwear,35,0
33412,Wallets,Wallets,10,10
1625,Tshirts,Topwear,0,0
18772,Ties,Ties,36,20
51448,Dresses,Dress,24,14
40389,Tshirts,Topwear,0,0
2486,Tops,Topwear,6,0
3615,Caps,Headwear,33,19
25035,Tshirts,Topwear,0,0
38633,Tshirts,Topwear,0,0
47446,Flats,Shoes,22,1
57338,Bra,Innerwear,23,5
18232,Tshirts,Topwear,0,0
31850,Watches,Watches,3,3
34710,Tshirts,Topwear,0,0
40501,Watches,Watches,3,3
7862,Tshirts,Topwear,0,0
2168,Shirts,Topwear,1,0
35214,Backpacks,Bags,15,2
36235,Kurtas,Topwear,5,0
4069,Casual Shoes,Shoes,2,1
51048,Bra,Innerwear,23,5
58182,Handbags,Bags,7,2
19019,Heels,Shoes,8,1
10992,Tshirts,Topwear,0,0
51418,Shirts,Topwear,1,0
20974,Belts,Belts,14,12
22629,Tshirts,Topwear,0,0
48135,Wallets,Wallets,10,10
21624,Bra,Innerwear,23,5
42992,Sports Shoes,Shoes,4,1
16430,Tshirts,Topwear,0,0
17271,Tshirts,Topwear,0,0
14545,Kurtas,Topwear,5,0
6302,Heels,Shoes,8,1
54662,Watches,Watches,3,3
29047,Tshirts,Topwear,0,0
2983,Tshirts,Topwear,0,0
41592,Shirts,Topwear,1,0
22981,Sports Shoes,Shoes,4,1
57071,Jeans,Bottomwear,19,4
55635,Heels,Shoes,8,1
40144,Tops,Topwear,6,0
52963,Sarees,Saree,25,16
53695,Handbags,Bags,7,2
12039,Shirts,Topwear,1,0
19499,Socks,Socks,16,13
27555,Shirts,Topwear,1,0
31439,Trousers,Bottomwear,21,4
9128,Sports Shoes,Shoes,4,1
46554,Watches,Watches,3,3
28997,Tshirts,Topwear,0,0
22590,Shorts,Bottomwear,20,4
45187,Watches,Watches,3,3
2257,Tshirts,Topwear,0,0
26010,Perfume and Body Mist,Fragrance,18,8
45345,Heels,Shoes,8,1
52789,Wallets,Wallets,10,10
41035,Watches,Watches,3,3
45205,Watches,Watches,3,3
22190,Casual Shoes,Shoes,2,1
45640,Briefs,Innerwear,13,5
23234,Kurtas,Topwear,5,0
8308,Sports Shoes,Shoes,4,1
12043,Shirts,Topwear,1,0
20868,Casual Shoes,Shoes,2,1
2848,Tshirts,Topwear,0,0
39455,Kurtas,Topwear,5,0
8418,Tshirts,Topwear,0,0
20155,Shirts,Topwear,1,0
4937,Tshirts,Topwear,0,0
37184,Tshirts,Topwear,0,0
20313,Shirts,Topwear,1,0
44913,Track Pants,Bottomwear,30,4
31371,Tshirts,Topwear,0,0
33314,Tshirts,Topwear,0,0
41304,Shirts,Topwear,1,0
24511,Kurtas,Topwear,5,0
45088,Bra,Innerwear,23,5
4498,Sports Shoes,Shoes,4,1
14900,Wallets,Wallets,10,10
19711,Shirts,Topwear,1,0
50326,Kurtas,Topwear,5,0
20404,Wallets,Wallets,10,10
38665,Sports Shoes,Shoes,4,1
26259,Track Pants,Bottomwear,30,4
11442,Tops,Topwear,6,0
44424,Casual Shoes,Shoes,2,1
30585,Tshirts,Topwear,0,0
22307,Heels,Shoes,8,1
33184,Tops,Topwear,6,0
41391,Shirts,Topwear,1,0
11938,Sandals,Sandal,12,9
56416,Bra,Innerwear,23,5
16415,Tshirts,Topwear,0,0
6798,Socks,Socks,16,13
21712,Watches,Watches,3,3
42625,Earrings,Jewellery,26,6
9011,Sports Shoes,Shoes,4,1
27204,Jeans,Bottomwear,19,4
35263,Shirts,Topwear,1,0
25523,Shirts,Topwear,1,0
42041,Sports Shoes,Shoes,4,1
34320,Tshirts,Topwear,0,0
14846,Wallets,Wallets,10,10
19675,Tshirts,Topwear,0,0
7517,Tshirts,Topwear,0,0
22584,Shorts,Bottomwear,20,4
20061,Caps,Headwear,33,19
18745,Tops,Topwear,6,0
6662,Tshirts,Topwear,0,0
11188,Watches,Watches,3,3
44516,Flip Flops,Flip Flops,11,11
39943,Casual Shoes,Shoes,2,1
25615,Watches,Watches,3,3
30668,Sunglasses,Eyewear,9,7
11716,Shirts,Topwear,1,0
30474,Bra,Innerwear,23,5
24037,Tshirts,Topwear,0,0
4895,Tops,Topwear,6,0
7579,Tshirts,Topwear,0,0
41725,Heels,Shoes,8,1
5710,Sports Shoes,Shoes,4,1
52652,Handbags,Bags,7,2
15925,Backpacks,Bags,15,2
31456,Tshirts,Topwear,0,0
24308,Shorts,Bottomwear,20,4
35826,Sports Shoes,Shoes,4,1
27364,Tshirts,Topwear,0,0
23033,Shirts,Topwear,1,0
28086,Briefs,Innerwear,13,5
7484,Tshirts,Topwear,0,0
17250,Tshirts,Topwear,0,0
22988,Shorts,Bottomwear,20,4
20033,Shirts,Topwear,1,0
13315,Shirts,Topwear,1,0
17960,Sandals,Sandal,12,9
9455,Shirts,Topwear,1,0
9247,Shirts,Topwear,1,0
28927,Tshirts,Topwear,0,0
33852,Casual Shoes,Shoes,2,1
59311,Sandals,Sandal,12,9
34440,Tshirts,Topwear,0,0
25287,Handbags,Bags,7,2
47174,Sandals,Sandal,12,9
53140,Heels,Shoes,8,1
55173,Nail Polish,Nails,28,18
42225,Tops,Topwear,6,0
57138,Trousers,Bottomwear,21,4
12321,Shirts,Topwear,1,0
12478,Formal Shoes,Shoes,17,1
49417,Casual Shoes,Shoes,2,1
11058,Shirts,Topwear,1,0
19637,Tops,Topwear,6,0
43533,Tops,Topwear,6,0
15810,Briefs,Innerwear,13,5
22320,Tshirts,Topwear,0,0
50297,Ties,Ties,36,20
10609,Watches,Watches,3,3
27765,Wallets,Wallets,10,10
57331,Bra,Innerwear,23,5
53836,Kurtas,Topwear,5,0
9463,Shirts,Topwear,1,0
55913,Nail Polish,Nails,28,18
47563,Heels,Shoes,8,1
15308,Sports Shoes,Shoes,4,1
47534,Flats,Shoes,22,1
54664,Watches,Watches,3,3
34090,Casual Shoes,Shoes,2,1
34178,Tshirts,Topwear,0,0
5998,Shirts,Topwear,1,0
26363,Tshirts,Topwear,0,0
3547,Casual Shoes,Shoes,2,1
25384,Briefs,Innerwear,13,5
12141,Kurtas,Topwear,5,0
